Bitcoin,Ethereum,XRP,Bitcoin Cash,Litecoin,EOS,TRON,Cardano,Monero,NEO,IOTA,Dash,Ethereum Classic,NEM,Dogecoin,Zcash,Decred,Qtum,Bitcoin Gold,Lisk,Stellar
-3.03%,-3.48%,-3.10%,-2.09%,-4.99%,-4.29%,-2.14%,-4.58%,-6.12%,-4.44%,-4.67%,-9.93%,-1.77%,0.36%,0.10%,-6.89%,-10.72%,1.34%,-4.06%,-4.92%,-4.80%
-2.09%,-2.88%,-0.58%,-4.65%,-3.24%,-4.36%,-0.01%,-1.88%,-4.21%,-4.47%,-2.63%,-6.81%,-4.06%,-1.27%,-0.43%,-4.41%,-5.32%,-1.03%,-4.09%,-1.66%,-4.39%
1.91%,2.24%,2.21%,0.86%,2.93%,6.97%,0.47%,3.97%,2.98%,3.73%,3.54%,2.27%,4.72%,1.73%,1.05%,2.07%,1.10%,-0.33%,4.14%,2.15%,0.91%
-4.99%,-4.54%,-2.48%,-11.84%,-3.51%,-6.64%,-2.08%,-4.72%,-7.01%,-5.34%,16.87%,-6.65%,-0.86%,-0.29%,-2.50%,-7.04%,-2.50%,-0.09%,-5.14%,-6.09%,-6.99%
-2.09%,-2.68%,-3.73%,-10.94%,-0.77%,-1.35%,-2.14%,-3.00%,-4.27%,-1.55%,-21.63%,-2.44%,-3.70%,-0.77%,0.15%,-5.03%,3.51%,-0.81%,-4.02%,-2.10%,-7.49%
-0.22%,0.19%,-0.98%,-3.69%,1.36%,4.11%,-0.04%,-0.43%,-0.42%,-0.09%,3.14%,4.57%,-2.44%,0.21%,2.08%,1.85%,-3.95%,0.00%,10.47%,0.64%,-2.48%
0.51%,0.94%,0.71%,5.52%,7.61%,0.77%,1.87%,3.19%,1.20%,1.15%,1.09%,1.01%,0.24%,2.12%,0.90%,2.60%,3.67%,0.00%,-5.25%,0.98%,0.85%
9.00%,11.42%,14.01%,10.81%,13.96%,25.16%,9.10%,12.51%,11.34%,14.86%,15.81%,12.80%,10.33%,-6.25%,19.20%,9.61%,6.62%,0.50%,11.67%,9.76%,13.68%
4.27%,6.31%,6.43%,16.49%,2.99%,10.32%,4.33%,5.83%,6.22%,4.06%,12.31%,3.10%,5.02%,3.30%,5.84%,3.64%,13.74%,0.72%,2.73%,7.37%,4.25%
1.06%,-0.41%,-0.87%,21.82%,-2.13%,-5.84%,5.11%,-0.91%,-1.43%,-1.68%,-3.41%,1.06%,4.51%,-2.02%,1.72%,-1.96%,-0.92%,-2.09%,1.21%,8.47%,-0.42%
10.48%,14.96%,8.88%,53.81%,10.85%,11.09%,11.95%,15.17%,19.32%,8.97%,23.84%,33.68%,8.35%,1.77%,0.89%,14.85%,7.99%,-1.62%,15.86%,8.76%,11.14%
-5.74%,-5.47%,-4.83%,2.00%,-5.92%,-4.09%,15.57%,4.39%,-5.57%,-4.57%,-6.50%,-11.29%,-5.03%,-0.98%,-6.50%,-6.71%,-8.02%,3.98%,-3.37%,-6.48%,-4.96%
2.98%,6.67%,0.95%,0.19%,3.34%,-0.11%,4.67%,3.32%,-0.13%,2.57%,6.87%,2.20%,3.42%,0.95%,-1.46%,2.43%,3.58%,2.17%,3.23%,0.54%,2.29%
-0.55%,11.50%,2.27%,-0.12%,4.59%,7.20%,-0.59%,4.80%,1.62%,8.23%,5.06%,2.97%,5.12%,-1.03%,1.60%,2.40%,2.09%,-0.10%,2.59%,0.37%,2.74%
1.96%,7.35%,9.24%,-8.89%,-0.83%,-1.10%,0.77%,3.23%,6.70%,10.31%,-1.15%,2.40%,4.40%,0.52%,-0.39%,4.74%,2.46%,0.55%,-0.14%,2.21%,4.62%
-6.51%,-7.91%,-6.75%,-6.62%,-6.79%,-9.02%,-4.98%,-9.12%,-10.30%,-9.41%,-7.14%,-9.49%,-8.17%,0.09%,-5.91%,-10.42%,-9.01%,1.26%,-6.55%,-5.00%,-8.59%
0.99%,1.52%,-0.34%,2.01%,-0.35%,2.80%,2.18%,-0.97%,-2.50%,2.34%,-0.10%,0.65%,16.71%,-1.04%,3.00%,0.07%,0.11%,-2.76%,2.26%,1.62%,-0.93%
-5.18%,-11.63%,-10.01%,-14.41%,-8.62%,-10.62%,-9.54%,-10.38%,-9.91%,-11.53%,-4.57%,-9.49%,-12.80%,1.39%,-4.56%,-7.74%,-9.20%,1.31%,-7.25%,-7.42%,-8.30%
7.41%,17.75%,10.25%,15.57%,14.88%,13.99%,12.73%,13.09%,11.89%,14.26%,15.19%,9.92%,9.67%,-2.02%,3.05%,12.30%,21.87%,0.84%,7.39%,9.04%,9.84%
-2.85%,-0.33%,-2.93%,-5.39%,-3.05%,-1.02%,-4.24%,-0.87%,-3.47%,-0.62%,-3.10%,-4.76%,-2.38%,1.31%,-1.48%,-4.36%,-8.72%,-0.34%,-3.67%,-2.93%,-2.99%
1.14%,1.62%,1.19%,-0.93%,1.76%,1.86%,-0.49%,4.05%,0.75%,1.90%,1.65%,1.97%,2.04%,1.03%,-0.55%,-1.13%,2.56%,0.49%,-2.94%,0.30%,-0.72%
-3.21%,-4.76%,-4.94%,-7.63%,-4.72%,-4.30%,-5.74%,-5.02%,-4.56%,-7.27%,-1.08%,-3.39%,-5.15%,1.52%,-1.01%,-5.40%,-11.19%,1.26%,-7.82%,-8.34%,-4.16%
2.58%,5.55%,3.48%,9.25%,5.00%,3.82%,3.54%,3.81%,4.63%,4.13%,3.49%,2.39%,3.52%,-0.09%,1.96%,5.88%,5.09%,0.39%,7.08%,3.53%,2.65%
2.45%,9.56%,2.62%,3.75%,4.41%,8.12%,3.21%,6.32%,7.87%,2.34%,6.54%,3.31%,2.24%,-3.26%,0.80%,2.06%,5.08%,-0.39%,1.56%,0.14%,2.82%
-2.40%,-3.91%,-3.81%,-6.48%,-3.98%,-6.81%,-0.37%,-5.37%,-4.81%,-4.86%,-3.98%,-3.62%,-6.24%,-2.36%,-1.83%,-4.96%,-0.92%,0.05%,-3.74%,-3.44%,-4.31%
0.67%,3.81%,-0.84%,-0.20%,1.21%,1.35%,7.27%,2.78%,1.56%,-0.47%,-0.57%,0.39%,3.25%,1.54%,-2.07%,0.11%,1.69%,-0.10%,0.12%,0.31%,1.39%
-0.18%,0.84%,-0.30%,-0.46%,8.01%,-0.85%,4.17%,2.39%,-1.23%,3.00%,-1.78%,-0.51%,-2.15%,0.22%,-0.04%,-0.89%,-0.18%,1.01%,0.45%,-0.24%,-0.94%
6.26%,1.25%,3.85%,4.15%,12.78%,6.53%,3.06%,10.18%,10.17%,10.26%,3.14%,6.52%,7.33%,0.86%,0.65%,6.33%,6.18%,0.94%,6.26%,5.97%,5.53%
-1.31%,-3.87%,-1.22%,-3.36%,-3.75%,-3.84%,2.37%,-2.58%,-3.83%,-1.96%,-3.48%,-3.10%,-10.67%,1.07%,-1.85%,-1.86%,-2.90%,-0.86%,-3.08%,-2.11%,2.42%
0.06%,-1.06%,0.25%,0.32%,4.12%,0.91%,11.04%,0.80%,0.51%,7.89%,-1.32%,-2.12%,1.39%,0.91%,-0.96%,0.22%,-3.75%,-0.29%,0.23%,-1.29%,-0.11%
0.09%,0.17%,1.37%,-1.26%,-1.17%,4.13%,7.75%,7.42%,-0.86%,-0.16%,1.46%,5.05%,-0.17%,0.56%,-0.53%,-0.19%,3.26%,0.46%,-0.58%,1.01%,0.46%
-8.81%,-14.73%,-10.45%,-15.80%,-13.14%,-16.41%,-9.45%,-14.45%,-13.72%,-13.47%,-15.36%,-14.06%,-11.04%,1.53%,-5.79%,-9.14%,-13.31%,1.51%,-8.79%,-12.26%,-11.27%
0.36%,-0.21%,0.49%,-1.67%,-4.03%,-0.43%,-2.42%,-0.39%,0.70%,0.07%,1.06%,0.24%,1.29%,-1.29%,0.00%,2.41%,3.63%,0.41%,1.90%,1.65%,-1.33%
-0.70%,-1.22%,-1.26%,2.19%,-0.22%,0.50%,-6.36%,-1.02%,-1.72%,-2.44%,-0.51%,-0.36%,1.80%,0.69%,0.85%,-0.12%,2.64%,-0.59%,-1.42%,2.95%,-0.47%
-2.89%,-7.16%,-3.29%,-6.06%,-6.37%,-6.89%,-9.50%,-8.15%,-4.20%,-6.79%,-6.20%,-4.54%,-6.90%,0.39%,-2.01%,-5.75%,-7.08%,1.64%,-3.17%,-5.29%,-2.95%
4.18%,10.33%,4.84%,5.93%,6.52%,9.60%,20.50%,9.47%,6.51%,10.22%,4.99%,3.62%,2.34%,0.71%,3.85%,5.36%,2.33%,0.27%,3.60%,6.94%,5.79%
-1.99%,-5.53%,-2.02%,-4.10%,-2.71%,-2.90%,-6.02%,-3.05%,-1.90%,-4.57%,-1.75%,-2.99%,-3.26%,-0.85%,-3.08%,-3.32%,-0.78%,0.22%,-2.81%,-4.92%,-3.42%
0.65%,1.43%,0.84%,0.37%,1.22%,1.92%,2.86%,4.70%,2.87%,1.40%,0.58%,0.91%,2.34%,2.18%,1.42%,-1.18%,3.10%,0.40%,0.68%,1.14%,1.00%
0.73%,0.14%,-0.10%,1.43%,0.12%,2.92%,0.62%,1.00%,-1.10%,1.31%,3.00%,1.18%,4.72%,0.06%,-1.83%,2.79%,2.06%,-0.09%,-2.35%,4.28%,1.64%
-0.55%,-2.14%,-1.49%,-2.01%,-1.89%,-2.02%,-1.96%,-2.19%,-1.15%,-2.00%,-0.41%,-1.10%,-2.83%,0.47%,0.62%,-2.30%,-0.71%,0.57%,-5.20%,-0.52%,-1.38%
2.09%,2.39%,1.63%,1.29%,3.40%,0.75%,-0.82%,3.33%,2.09%,4.66%,0.86%,3.13%,0.13%,-0.41%,2.33%,2.50%,2.25%,0.18%,3.00%,2.11%,1.35%
-3.34%,-4.14%,-3.03%,-4.80%,-4.04%,-4.67%,-2.75%,-4.81%,-4.28%,-5.78%,-4.57%,-5.39%,-2.30%,-0.06%,-1.58%,-2.10%,-5.60%,0.62%,-2.47%,-4.27%,-3.23%
-0.68%,-2.07%,-0.12%,-0.88%,0.08%,-0.83%,7.33%,-1.39%,1.05%,-0.42%,-0.19%,-0.19%,0.32%,0.39%,-0.24%,-1.01%,2.52%,0.09%,-0.60%,-1.05%,-1.24%
0.83%,1.40%,-0.49%,4.67%,1.51%,4.06%,3.20%,1.61%,3.00%,1.75%,1.78%,2.56%,1.12%,-1.24%,-2.00%,0.64%,1.21%,0.04%,0.68%,1.68%,0.44%
-0.57%,-1.06%,-0.96%,3.02%,1.05%,-0.30%,0.82%,-1.49%,-2.31%,-1.62%,-3.41%,-0.98%,-0.42%,-0.15%,-0.58%,-0.14%,0.06%,0.00%,-0.37%,0.01%,-1.50%
0.46%,-0.09%,0.37%,-2.13%,2.29%,0.54%,1.58%,0.21%,1.95%,1.98%,-0.32%,2.81%,-0.11%,0.03%,-0.29%,1.92%,0.81%,0.17%,0.31%,3.35%,-0.16%
-0.21%,-1.03%,-0.22%,-0.89%,0.49%,-0.21%,-0.83%,-0.94%,2.20%,-2.20%,-2.31%,0.80%,0.73%,-0.42%,2.97%,-1.93%,-2.21%,0.09%,-0.31%,-2.81%,-0.22%
0.08%,0.10%,-0.95%,-1.02%,0.55%,-0.77%,7.10%,-0.09%,-2.42%,-0.74%,-1.08%,0.49%,-1.06%,2.71%,-0.53%,-1.06%,0.67%,0.43%,-0.59%,0.15%,-1.65%
-0.57%,-2.67%,-1.72%,-3.35%,-1.48%,-2.32%,1.95%,-3.51%,1.73%,-1.54%,-3.35%,-3.74%,-1.40%,1.81%,-2.64%,-1.88%,-0.80%,-0.38%,-1.97%,-2.18%,-3.58%
-3.18%,-5.91%,-4.69%,-8.57%,-4.05%,-5.37%,-8.07%,-5.75%,-6.65%,-5.98%,-6.84%,-4.64%,-7.15%,-0.81%,-4.05%,-4.02%,-3.12%,-0.34%,-11.43%,-6.68%,-8.80%
-0.60%,-1.05%,-1.86%,-1.03%,-0.44%,1.25%,1.25%,-1.19%,0.29%,0.44%,-1.20%,0.22%,-0.93%,0.80%,-1.03%,-1.13%,-2.55%,0.63%,2.71%,-1.91%,-4.98%
1.23%,3.32%,10.72%,6.69%,2.78%,2.84%,-0.10%,3.87%,1.36%,1.16%,3.38%,1.67%,2.83%,-0.55%,1.87%,1.86%,1.57%,-0.21%,4.31%,1.40%,2.29%
-0.79%,-1.69%,-3.33%,-2.83%,-0.75%,-0.78%,-6.89%,-3.34%,-1.32%,-2.53%,-1.79%,-1.46%,-1.70%,-2.86%,-1.94%,-1.65%,-3.36%,-0.04%,-3.87%,-1.64%,-3.53%
0.79%,0.43%,-0.75%,1.53%,3.49%,0.77%,3.74%,0.62%,0.12%,1.50%,0.27%,-1.26%,-0.31%,-2.44%,-0.52%,-0.64%,0.82%,-0.46%,0.81%,-1.02%,0.94%
1.05%,2.76%,0.84%,4.49%,4.81%,3.87%,-0.46%,1.86%,-0.64%,2.95%,-0.21%,0.87%,1.55%,0.59%,1.15%,1.36%,0.04%,-0.33%,-0.16%,1.93%,-0.24%
-1.48%,-2.71%,-2.60%,-2.43%,-2.88%,-2.19%,-2.55%,-3.13%,-0.92%,-2.87%,-3.47%,-1.61%,-2.16%,0.03%,-1.45%,-1.64%,0.27%,0.13%,-2.16%,-0.46%,-2.09%
-0.23%,0.18%,-0.79%,-0.15%,1.93%,1.03%,6.21%,-0.72%,-0.39%,1.02%,1.14%,0.00%,-0.70%,1.92%,-0.42%,0.20%,-1.45%,-1.08%,0.11%,-1.63%,-1.93%
0.33%,-0.17%,-0.17%,-1.11%,0.73%,-0.29%,-2.63%,0.19%,1.44%,-0.02%,-0.93%,1.95%,-0.23%,0.52%,-0.58%,-0.28%,1.14%,-0.13%,-2.42%,-1.15%,-2.13%
-1.59%,-2.46%,-2.91%,-2.24%,-4.12%,-1.80%,-2.33%,-3.50%,-0.53%,-3.11%,-2.60%,-3.85%,-2.80%,-3.61%,-1.06%,-3.78%,-6.23%,-0.17%,-3.30%,-3.55%,-4.71%
-0.45%,-0.29%,0.32%,-0.03%,0.96%,-0.15%,0.56%,-0.70%,0.14%,0.58%,3.80%,2.28%,2.97%,0.45%,-1.28%,0.45%,1.47%,-0.94%,1.23%,0.37%,0.26%
7.80%,13.97%,6.86%,13.02%,30.78%,16.01%,4.21%,11.96%,11.26%,9.82%,10.40%,9.80%,7.39%,-0.12%,5.90%,7.23%,9.12%,0.65%,12.18%,6.49%,8.71%
-0.01%,0.18%,-0.09%,-0.99%,4.11%,2.08%,-2.04%,0.69%,0.59%,0.87%,-0.99%,0.51%,-1.59%,0.51%,-0.15%,1.26%,0.28%,1.41%,-0.01%,0.60%,-0.53%
0.46%,4.52%,-0.43%,-0.81%,4.61%,2.31%,-1.76%,4.34%,2.55%,3.80%,1.08%,1.69%,1.93%,2.65%,-0.26%,1.02%,2.83%,-0.54%,2.11%,1.98%,-0.62%
-1.28%,-2.86%,-2.35%,-4.06%,-7.89%,-3.14%,-4.27%,-2.43%,-3.29%,1.77%,-4.02%,6.14%,-2.27%,-0.92%,-2.06%,1.17%,-2.26%,0.04%,-2.66%,0.32%,-3.80%
0.30%,1.15%,0.87%,0.75%,1.76%,6.84%,-0.43%,0.17%,1.71%,1.51%,2.26%,3.08%,-0.01%,-1.07%,-0.53%,4.19%,0.64%,-0.68%,0.91%,-1.04%,0.06%
-0.59%,0.01%,-0.37%,-0.18%,-4.19%,-2.49%,-1.43%,-1.53%,0.57%,0.58%,-1.53%,-2.64%,0.88%,-1.22%,-0.05%,-1.70%,-0.27%,0.68%,-0.37%,-1.32%,-0.86%
-0.39%,-0.84%,-0.69%,-1.19%,-0.56%,-4.14%,-1.98%,-1.45%,-4.98%,-4.00%,-0.59%,-2.55%,0.13%,-0.96%,0.32%,-2.19%,-0.49%,-0.17%,-0.57%,-0.62%,-0.44%
0.10%,0.53%,-0.12%,-0.18%,2.54%,1.79%,1.22%,0.16%,1.32%,2.25%,1.15%,0.72%,-0.57%,0.12%,0.63%,-0.82%,0.12%,-0.21%,0.41%,-0.40%,3.41%
0.40%,0.71%,0.03%,0.29%,1.95%,0.70%,-0.37%,1.00%,-1.01%,-1.80%,0.99%,0.60%,-0.95%,2.02%,0.89%,1.29%,-0.08%,0.17%,-2.54%,2.64%,-0.99%
1.11%,8.46%,0.60%,2.01%,1.23%,3.02%,-0.61%,1.04%,2.55%,5.37%,1.05%,0.10%,2.12%,1.39%,3.59%,0.62%,2.10%,0.58%,1.52%,5.07%,1.53%
6.66%,9.82%,6.10%,15.56%,9.48%,20.52%,4.83%,9.98%,7.66%,5.45%,9.79%,8.56%,5.59%,1.32%,6.07%,5.58%,4.31%,-1.33%,10.36%,3.32%,5.14%
0.91%,-0.72%,0.73%,-0.70%,-0.56%,1.52%,-0.06%,1.04%,1.25%,1.93%,0.00%,1.76%,3.93%,0.26%,-2.32%,0.45%,-3.79%,0.51%,4.20%,-2.87%,7.36%
1.35%,3.02%,2.88%,3.55%,8.29%,10.41%,0.99%,2.98%,-0.27%,2.34%,3.09%,-0.35%,2.48%,2.95%,0.68%,-0.77%,-1.64%,-0.67%,1.40%,1.37%,1.89%
-1.15%,-2.16%,-3.48%,-3.37%,-5.18%,-3.23%,-1.58%,-5.50%,-3.59%,-6.06%,-4.40%,-2.69%,-4.32%,0.17%,-1.84%,-2.35%,-3.48%,-1.18%,-1.81%,-1.34%,-2.94%
1.34%,2.07%,0.14%,1.60%,1.37%,2.45%,1.48%,2.49%,4.58%,1.73%,1.39%,1.36%,4.33%,1.14%,1.28%,1.13%,3.51%,0.04%,0.12%,3.66%,1.93%
3.59%,6.81%,3.52%,5.78%,4.05%,10.12%,1.29%,5.68%,2.27%,16.22%,5.86%,3.94%,2.84%,-0.11%,1.36%,4.83%,3.47%,0.42%,6.59%,0.67%,3.90%
-8.08%,-14.51%,-9.46%,-15.52%,-13.55%,-16.02%,-6.50%,-12.87%,-8.71%,-10.81%,-11.68%,-9.56%,-13.37%,-0.64%,-5.46%,-8.01%,-9.84%,0.58%,-9.09%,-8.23%,-10.76%
1.99%,3.19%,9.25%,4.50%,3.67%,0.25%,3.10%,4.45%,2.46%,3.18%,2.00%,3.30%,3.23%,0.90%,2.89%,1.76%,2.09%,0.25%,4.94%,1.54%,4.06%
-0.63%,-1.11%,-2.53%,-1.16%,-1.48%,-3.45%,0.28%,-1.50%,-1.38%,-2.37%,-1.13%,-1.00%,0.82%,0.22%,-0.30%,-0.66%,2.56%,-0.40%,1.07%,1.73%,-0.42%
-0.17%,-1.38%,-2.06%,-1.15%,0.18%,1.53%,-1.04%,-0.14%,0.71%,-1.99%,0.25%,-0.85%,0.24%,1.50%,-0.25%,-0.83%,-0.80%,-0.37%,-1.78%,-1.04%,-0.84%
0.17%,0.34%,0.63%,-0.53%,1.36%,0.06%,-1.10%,-0.28%,-1.55%,-0.39%,-0.59%,1.14%,-1.28%,0.41%,-2.08%,-1.80%,-0.04%,0.20%,-0.47%,-0.17%,-0.59%
0.15%,-0.29%,0.71%,0.67%,2.71%,-0.59%,-0.64%,0.39%,0.90%,0.98%,4.30%,0.00%,0.19%,-0.14%,0.91%,0.69%,-0.32%,0.24%,0.30%,-0.16%,0.38%
0.24%,-1.57%,-0.56%,-0.29%,3.23%,0.65%,-3.10%,-0.88%,0.77%,-2.18%,-0.93%,-0.07%,0.02%,-0.27%,0.55%,-0.41%,2.42%,-0.49%,-0.87%,0.82%,-1.63%
-0.39%,-1.88%,-0.73%,-0.77%,-1.31%,1.07%,-0.92%,-1.26%,0.32%,-1.22%,-2.77%,-1.51%,0.23%,-0.71%,-0.15%,-1.46%,-1.82%,0.28%,-1.94%,-0.35%,3.48%
-2.17%,-3.32%,-2.21%,-4.79%,-3.94%,-7.77%,1.16%,-4.02%,-3.25%,-4.81%,-3.45%,-3.06%,-2.85%,0.11%,-1.10%,-3.50%,-2.94%,-0.32%,-10.07%,-2.63%,-3.89%
3.63%,7.85%,3.74%,6.04%,14.21%,15.34%,4.03%,6.44%,4.22%,6.71%,2.82%,5.06%,3.81%,0.39%,0.20%,4.07%,4.91%,0.16%,12.75%,6.60%,3.35%
0.18%,0.60%,0.11%,-0.11%,5.21%,-0.45%,-2.24%,-0.79%,0.50%,-0.42%,-1.38%,0.29%,-0.10%,0.53%,-0.10%,-0.61%,-1.13%,-0.60%,1.19%,0.65%,-0.89%
0.21%,-0.65%,-0.76%,-0.85%,2.42%,0.48%,-1.02%,0.22%,0.20%,5.05%,3.01%,-0.66%,1.74%,-1.08%,0.45%,-0.15%,-2.53%,0.08%,-1.40%,2.83%,0.01%
-0.31%,-2.30%,-1.57%,-2.07%,-2.33%,-4.22%,-2.77%,-0.67%,-2.38%,-4.36%,-1.51%,-2.52%,-3.43%,-1.33%,-0.60%,-1.34%,-1.00%,0.12%,0.54%,-2.71%,1.91%
1.77%,2.28%,1.32%,3.39%,3.72%,3.96%,1.45%,9.47%,1.61%,1.88%,3.09%,3.16%,1.53%,-3.25%,0.81%,3.42%,2.60%,0.28%,0.83%,2.07%,3.11%
-0.37%,-1.03%,-0.37%,-0.89%,-1.58%,-1.01%,0.54%,-2.26%,0.13%,-1.97%,-0.79%,-0.71%,1.23%,-2.08%,-0.05%,-1.26%,1.63%,0.24%,-1.08%,-1.24%,11.09%
-1.23%,-2.20%,-0.67%,-2.00%,-3.09%,-3.68%,-2.83%,4.24%,-1.29%,-0.92%,-0.87%,-0.40%,-2.34%,0.34%,-1.75%,-1.81%,-0.57%,0.52%,-2.93%,0.53%,2.40%
0.14%,0.32%,-0.30%,-1.07%,2.86%,1.77%,0.57%,-0.56%,2.33%,1.13%,1.69%,9.21%,0.93%,-0.49%,2.18%,6.90%,10.66%,0.16%,3.05%,8.16%,2.22%
-0.16%,-1.00%,1.12%,-0.20%,-2.00%,-1.46%,0.17%,-1.64%,1.08%,1.33%,0.83%,-0.85%,-0.72%,-3.66%,0.50%,-2.99%,-0.58%,-0.67%,0.44%,-0.83%,3.53%
0.48%,0.38%,-0.29%,3.94%,1.30%,0.02%,1.17%,3.18%,0.58%,3.99%,3.53%,-1.46%,1.61%,-1.29%,0.84%,2.15%,4.76%,1.05%,4.82%,15.19%,-0.77%
0.87%,3.09%,0.74%,7.62%,4.33%,2.96%,2.41%,4.36%,2.38%,-0.46%,1.08%,0.82%,2.13%,-1.85%,0.34%,1.73%,1.84%,-0.20%,1.35%,-3.65%,0.53%
2.14%,3.25%,1.71%,9.45%,4.83%,2.99%,0.90%,3.01%,2.01%,2.08%,1.67%,2.40%,2.05%,1.04%,1.47%,2.59%,-1.53%,0.28%,1.39%,-0.85%,1.65%
-0.56%,-1.57%,-0.87%,-0.86%,-1.03%,-1.51%,-0.98%,-2.70%,-2.14%,-2.44%,-2.84%,0.58%,-1.30%,-1.88%,0.00%,-0.70%,1.35%,-0.71%,-2.24%,1.17%,-0.18%
0.06%,-0.52%,-0.09%,3.99%,-1.66%,-0.79%,-0.68%,0.28%,-0.19%,-0.83%,-0.82%,-1.07%,-0.58%,0.20%,0.34%,-0.55%,-1.32%,0.00%,-0.36%,-2.89%,5.87%
0.95%,0.91%,0.80%,-0.10%,0.65%,0.85%,0.20%,4.24%,2.39%,0.94%,0.50%,-0.10%,4.81%,-0.69%,0.38%,4.75%,-1.37%,0.43%,0.40%,1.64%,-2.54%
0.41%,0.14%,0.08%,-1.11%,0.28%,-0.87%,-0.08%,2.22%,1.63%,0.87%,0.76%,1.36%,0.53%,-0.56%,-1.10%,3.46%,-0.11%,0.92%,0.57%,0.80%,-1.92%
-1.34%,-2.74%,-2.26%,-3.75%,-2.45%,-2.26%,-2.66%,-1.96%,-3.80%,-3.87%,4.60%,-2.78%,2.45%,2.40%,-0.53%,-5.02%,-2.45%,-1.39%,-3.37%,-2.38%,-3.19%
-0.11%,0.45%,0.06%,2.35%,0.88%,-0.31%,1.35%,9.75%,0.14%,2.13%,-1.29%,0.45%,1.86%,-2.14%,0.05%,-1.09%,0.72%,-0.20%,0.24%,-0.23%,0.69%
0.33%,0.88%,0.33%,5.87%,2.60%,1.52%,7.34%,9.98%,-0.11%,1.97%,0.48%,1.31%,0.20%,-0.63%,0.34%,3.29%,0.41%,0.90%,0.97%,1.15%,-0.22%
-0.32%,-0.96%,-1.09%,-0.69%,-1.66%,-0.92%,-4.39%,-3.17%,-0.13%,-2.43%,-1.04%,-0.05%,-1.16%,0.57%,-0.39%,0.48%,-0.84%,0.90%,-0.11%,0.69%,-1.79%
-1.52%,-1.50%,-1.74%,-2.70%,-1.34%,0.43%,-2.81%,-4.57%,-2.71%,-2.25%,-3.33%,-2.80%,-2.34%,1.44%,-0.73%,-3.40%,1.89%,-0.04%,-5.57%,-1.67%,-3.43%
0.40%,0.30%,0.41%,0.03%,-0.28%,2.18%,-0.59%,5.34%,1.34%,-0.09%,-0.96%,-0.26%,-0.46%,-0.06%,0.64%,-0.82%,-2.01%,0.33%,-0.41%,0.41%,0.87%
2.58%,4.09%,2.31%,7.89%,4.79%,14.79%,4.19%,8.62%,3.35%,4.77%,4.06%,6.26%,3.06%,-0.84%,1.71%,4.36%,4.35%,-0.12%,5.02%,8.97%,4.53%
-0.45%,-1.13%,-1.00%,-2.10%,-1.69%,-0.76%,-0.98%,-2.61%,-1.48%,-1.19%,-0.71%,1.55%,-1.83%,0.16%,-0.62%,-1.54%,1.00%,-0.04%,-1.39%,-1.57%,-0.53%
0.74%,2.26%,-0.43%,0.65%,0.22%,0.26%,-0.32%,8.40%,-0.81%,5.44%,0.78%,1.08%,2.09%,1.64%,0.53%,-0.01%,-0.41%,-0.46%,1.57%,3.04%,0.15%
0.35%,-0.19%,0.97%,-1.01%,-1.03%,-3.37%,-0.01%,0.68%,-0.03%,0.43%,-0.29%,2.07%,-1.55%,0.87%,-0.53%,-0.34%,-0.94%,-0.93%,-0.42%,4.14%,-0.20%
0.00%,-0.44%,-0.48%,0.18%,0.19%,0.91%,0.99%,-2.78%,4.54%,1.00%,0.03%,8.21%,0.79%,1.33%,-0.05%,2.95%,4.45%,0.30%,-0.08%,-1.16%,0.21%
1.29%,0.26%,1.15%,-0.75%,-0.15%,0.67%,3.54%,3.85%,7.32%,0.30%,5.05%,4.58%,-0.01%,-0.16%,18.20%,6.74%,-1.26%,0.00%,3.77%,0.32%,1.83%
17.39%,15.60%,12.37%,40.87%,25.52%,19.66%,10.45%,18.20%,15.18%,15.23%,9.01%,10.27%,13.05%,0.13%,13.66%,11.91%,15.73%,-0.64%,12.99%,10.17%,11.20%
1.91%,-1.55%,-2.58%,26.21%,11.36%,3.89%,-3.45%,6.19%,-4.85%,5.28%,-3.46%,0.03%,0.05%,1.20%,13.94%,-1.26%,3.14%,0.00%,3.61%,6.66%,-0.43%
-0.98%,-2.09%,-2.86%,-3.99%,-0.23%,-2.84%,-0.11%,-3.48%,-2.91%,6.04%,-0.72%,-0.77%,-1.51%,-0.25%,17.07%,-2.74%,-2.10%,-0.69%,-1.83%,3.53%,-2.08%
2.31%,4.74%,8.75%,2.10%,4.28%,5.12%,4.89%,4.43%,8.19%,5.56%,4.80%,7.20%,8.69%,0.06%,-2.42%,7.68%,8.82%,-0.13%,16.65%,3.11%,6.38%
0.46%,0.26%,-2.05%,4.53%,4.36%,0.15%,-1.40%,-1.01%,-1.55%,-3.23%,-2.04%,-1.37%,2.98%,1.17%,-4.31%,-1.30%,-1.99%,-0.26%,3.82%,-3.72%,-1.30%
2.69%,5.15%,1.54%,4.51%,-0.12%,2.06%,7.64%,0.36%,2.52%,-1.42%,4.77%,3.34%,27.87%,1.94%,-0.64%,4.65%,3.01%,-0.04%,1.80%,2.37%,4.49%
1.73%,3.33%,-0.81%,-3.00%,-3.07%,1.74%,6.29%,-3.82%,1.82%,-1.68%,-1.42%,0.77%,-6.19%,0.99%,-11.17%,-2.06%,0.63%,-0.17%,-7.05%,-2.23%,1.15%
-1.61%,-2.28%,-2.47%,-4.49%,-3.03%,0.18%,-2.53%,-3.72%,-3.85%,-4.12%,-2.30%,-2.95%,-2.92%,2.57%,-5.26%,-2.61%,-2.17%,1.03%,-0.02%,-3.69%,-5.02%
2.31%,0.72%,1.54%,3.13%,1.85%,5.06%,0.54%,7.38%,3.83%,2.55%,0.00%,-1.81%,0.84%,-0.14%,4.86%,1.15%,1.20%,-0.25%,2.06%,2.18%,0.08%
-4.89%,-6.68%,-6.72%,-10.62%,-9.86%,-8.48%,-11.25%,-7.28%,-6.46%,-9.89%,-6.78%,-5.35%,-10.65%,2.02%,-7.62%,-2.60%,-6.53%,0.17%,-9.64%,-7.95%,-7.01%
0.56%,-0.36%,-1.31%,3.75%,-0.84%,0.73%,-0.42%,-0.14%,-0.35%,0.60%,-0.69%,-2.85%,1.30%,0.51%,2.33%,2.24%,0.29%,-0.04%,-0.31%,2.78%,-1.83%
0.15%,-0.07%,-0.11%,-1.13%,-0.92%,-0.73%,-0.88%,0.29%,-1.18%,-1.74%,-0.60%,0.44%,-0.47%,0.43%,0.70%,-2.37%,1.86%,-0.37%,-0.34%,1.23%,1.14%
1.41%,2.04%,0.81%,3.31%,6.05%,3.86%,2.83%,1.09%,1.94%,1.87%,-1.30%,2.62%,1.57%,-0.96%,0.31%,0.46%,3.35%,0.29%,1.88%,2.10%,0.64%
-1.94%,-3.77%,-2.41%,8.81%,-4.77%,-3.04%,-2.11%,-2.76%,-3.36%,-5.10%,-4.31%,-3.26%,-3.87%,1.08%,-3.26%,-3.45%,-4.41%,0.13%,0.72%,-3.51%,-2.59%
3.34%,3.77%,1.94%,1.33%,2.92%,3.10%,2.05%,1.85%,7.05%,2.07%,3.12%,1.88%,1.79%,0.06%,1.61%,3.35%,1.84%,-0.25%,2.06%,5.58%,3.40%
0.30%,-0.36%,2.54%,-2.36%,-2.49%,-1.59%,-0.99%,-0.85%,-2.03%,0.44%,-0.86%,-0.77%,-1.26%,0.48%,-0.95%,1.18%,0.88%,-0.21%,1.09%,-1.33%,-0.75%
0.89%,4.13%,0.47%,-1.26%,3.38%,0.86%,0.69%,-1.55%,2.50%,2.48%,0.26%,3.02%,1.80%,0.86%,4.62%,0.14%,1.11%,-0.25%,1.06%,1.25%,0.61%
0.11%,-0.05%,-1.53%,-0.04%,0.57%,-0.19%,-1.52%,-2.74%,-0.87%,-1.61%,0.16%,-1.06%,-0.81%,-1.34%,-1.77%,-0.65%,-0.12%,-0.04%,0.10%,-0.72%,-1.31%
0.64%,0.02%,-1.02%,-1.99%,-1.26%,-0.47%,-1.40%,-3.78%,1.34%,-1.39%,0.52%,0.39%,-0.72%,1.68%,0.35%,0.00%,1.80%,0.54%,-0.30%,-0.04%,-0.25%
-0.40%,-2.11%,-1.90%,-3.43%,-5.14%,-4.08%,-4.55%,-3.20%,-1.25%,-3.37%,-2.06%,-1.64%,-5.06%,-0.05%,-4.83%,-2.14%,-0.31%,-0.28%,-3.38%,-2.17%,-2.66%
1.64%,1.09%,0.51%,0.85%,-0.45%,0.17%,0.60%,5.32%,-0.14%,2.58%,1.27%,0.92%,0.25%,-0.29%,1.45%,1.09%,0.92%,-0.82%,1.90%,0.56%,0.94%
3.20%,-0.33%,-0.81%,-0.55%,-2.61%,-1.45%,-2.70%,-4.54%,1.12%,-3.93%,-2.92%,-3.24%,0.31%,1.85%,-1.14%,-2.71%,-1.88%,-0.25%,-0.52%,-2.39%,-1.48%
-1.91%,-3.22%,-5.85%,-4.13%,-1.93%,-7.10%,-4.28%,-2.52%,-2.39%,-4.28%,-4.17%,-2.80%,-5.93%,-1.84%,-6.34%,-3.38%,0.28%,-1.41%,-5.68%,-4.90%,-7.63%
-4.68%,-6.90%,-4.25%,-4.43%,-2.73%,-4.67%,-1.82%,-4.68%,-9.40%,-3.81%,-5.98%,-5.89%,-3.62%,2.19%,-3.43%,-5.07%,-8.51%,-0.12%,-4.61%,-6.12%,-4.08%
1.33%,1.14%,2.99%,-1.24%,2.46%,3.20%,3.72%,-0.18%,1.11%,-1.43%,-0.60%,0.67%,0.61%,0.53%,0.80%,-0.90%,-0.60%,0.21%,7.77%,-0.21%,0.01%
-0.21%,1.38%,-0.60%,-0.06%,-1.49%,-0.69%,-1.07%,1.42%,1.20%,1.09%,1.62%,0.14%,1.20%,1.13%,0.04%,0.22%,1.06%,0.04%,-1.21%,1.15%,0.73%
0.25%,-0.76%,0.19%,-3.27%,-3.32%,0.07%,-0.23%,-2.28%,-2.25%,-1.97%,0.01%,0.52%,1.36%,0.74%,0.44%,-2.26%,4.14%,-0.48%,-0.51%,-2.62%,-1.26%
-0.71%,-1.33%,-1.05%,-7.41%,-2.61%,-4.18%,-3.25%,-5.81%,-1.15%,1.04%,14.26%,-1.98%,-0.31%,1.05%,-2.41%,-2.83%,-4.52%,0.08%,-2.39%,-1.47%,-2.29%
1.96%,4.51%,5.15%,12.71%,9.32%,6.64%,4.99%,8.79%,2.57%,3.67%,-1.38%,3.38%,5.92%,0.47%,1.78%,3.61%,2.06%,0.20%,3.46%,1.81%,3.64%
0.97%,-0.84%,-1.55%,1.43%,-0.87%,-0.94%,-0.81%,-1.88%,4.60%,-0.25%,-1.56%,4.80%,-1.07%,1.45%,0.44%,0.80%,3.06%,0.00%,3.37%,0.06%,1.47%
1.90%,0.79%,-0.49%,-0.66%,0.13%,0.11%,-0.65%,-0.64%,-0.90%,1.51%,-1.79%,0.04%,-0.92%,-0.75%,3.41%,-2.17%,2.03%,-0.49%,0.09%,-0.08%,-1.15%
4.77%,3.63%,1.65%,8.46%,7.54%,6.19%,1.78%,1.87%,4.13%,1.27%,0.92%,3.29%,4.90%,1.95%,4.25%,4.90%,5.80%,0.41%,10.34%,4.34%,2.05%
1.07%,-2.30%,-1.18%,-0.47%,-1.57%,-2.45%,-2.72%,-4.26%,1.16%,-5.27%,-0.11%,-0.27%,-3.95%,0.15%,-0.67%,-3.00%,0.01%,0.04%,-0.39%,-3.36%,-2.53%
-0.61%,-0.34%,-0.75%,0.89%,-2.59%,-1.26%,0.39%,-1.14%,-2.52%,-1.70%,2.27%,-1.17%,-1.58%,0.77%,-2.07%,-1.86%,-0.20%,0.24%,0.25%,-2.43%,-0.84%
-0.78%,5.70%,0.04%,-2.14%,-1.38%,0.08%,1.92%,0.93%,0.74%,-0.93%,-4.07%,0.95%,-0.78%,0.13%,-3.46%,0.01%,-1.50%,0.28%,-0.85%,-0.41%,-1.25%
1.46%,-1.52%,-0.80%,-0.33%,-0.38%,-0.60%,-0.08%,-4.08%,-1.45%,-2.35%,-1.77%,-2.38%,-0.47%,-0.53%,-0.31%,-3.62%,-1.62%,0.28%,2.32%,-3.12%,-2.75%
2.27%,0.61%,0.57%,-0.09%,-0.04%,0.72%,3.22%,0.92%,2.80%,1.15%,2.95%,0.45%,1.21%,-1.10%,0.12%,0.90%,0.10%,-0.44%,3.96%,2.74%,-1.28%
3.21%,-0.39%,-1.36%,-0.80%,-0.56%,-0.92%,-5.15%,-4.51%,-3.94%,-4.32%,-7.59%,-4.78%,-2.88%,0.70%,-1.42%,-3.14%,0.72%,-0.40%,1.59%,4.30%,-3.69%
3.29%,1.66%,1.30%,1.24%,4.01%,-0.53%,1.17%,2.81%,5.25%,1.77%,7.40%,0.39%,1.28%,2.21%,0.76%,1.85%,0.00%,0.60%,1.69%,-0.94%,2.42%
12.93%,12.22%,8.07%,23.83%,15.63%,14.64%,7.04%,18.65%,13.98%,11.87%,8.08%,10.07%,7.80%,0.03%,9.50%,11.07%,13.94%,-0.16%,10.59%,11.96%,12.77%
-3.21%,-3.52%,-4.38%,-0.63%,-5.56%,-4.01%,-6.05%,-6.73%,-4.31%,-5.77%,-3.60%,0.14%,-4.18%,1.37%,-3.34%,-5.56%,-8.21%,0.00%,-3.05%,-8.02%,-5.05%
12.10%,5.03%,4.95%,8.60%,4.05%,4.70%,3.63%,4.26%,6.66%,5.23%,10.76%,6.01%,4.49%,-0.55%,3.49%,5.62%,7.08%,0.00%,6.52%,-0.02%,1.48%
2.39%,10.37%,25.82%,0.93%,4.05%,8.48%,11.86%,15.73%,4.92%,12.21%,11.22%,7.36%,7.57%,-0.73%,11.24%,6.15%,-0.60%,0.61%,-1.17%,1.54%,12.50%
2.70%,13.89%,11.58%,3.55%,11.00%,7.28%,13.99%,11.10%,13.08%,16.02%,16.76%,7.80%,15.44%,-0.21%,7.65%,13.92%,17.15%,-0.84%,7.81%,12.95%,21.14%
-3.78%,6.91%,-7.90%,-0.93%,-5.90%,0.50%,-7.76%,-6.21%,-7.37%,-6.17%,-5.35%,-2.38%,1.00%,-1.97%,-4.29%,-2.54%,-7.35%,-0.19%,-5.94%,2.36%,0.08%
-6.89%,-7.61%,-7.98%,-8.49%,-6.94%,-7.42%,-5.73%,-5.61%,-5.77%,-6.65%,-5.08%,-7.37%,-5.65%,0.61%,-6.53%,-3.38%,-7.41%,0.08%,-7.46%,-8.54%,-7.76%
-0.96%,-3.82%,-4.09%,-1.88%,-2.60%,-2.17%,-1.46%,-4.99%,-2.98%,-4.00%,-3.27%,1.61%,-0.79%,-0.19%,1.31%,-1.56%,1.06%,-0.12%,-3.72%,-2.58%,0.47%
12.79%,11.45%,12.09%,17.96%,9.98%,10.28%,9.14%,10.03%,13.84%,9.70%,11.22%,20.93%,9.36%,-2.56%,5.55%,8.75%,4.85%,-1.36%,10.33%,4.66%,9.89%
-2.67%,-3.60%,-4.66%,-2.03%,-4.03%,-3.79%,-2.55%,-2.43%,-3.30%,2.41%,-4.31%,-1.23%,-5.72%,3.28%,-4.34%,-2.52%,-2.82%,-1.71%,-5.16%,-0.88%,-4.18%
-0.18%,1.42%,-0.15%,1.22%,-0.07%,0.61%,1.31%,-0.27%,1.72%,0.80%,2.42%,-0.66%,0.58%,0.22%,1.45%,-1.67%,0.55%,-0.28%,12.80%,-0.68%,-0.92%
-3.47%,-4.04%,-5.25%,-5.94%,-3.60%,-5.09%,-5.52%,-7.86%,-6.17%,-7.75%,-7.15%,-6.96%,-6.74%,-1.29%,-4.64%,-5.98%,-4.58%,-2.16%,-2.16%,-6.38%,-7.46%
2.66%,0.53%,1.19%,3.66%,1.11%,1.26%,0.55%,3.56%,1.46%,1.98%,0.68%,-0.21%,1.70%,1.90%,0.82%,2.58%,-2.46%,0.04%,1.72%,2.78%,0.75%
1.34%,1.42%,0.85%,0.77%,12.28%,5.86%,2.15%,0.18%,1.03%,0.79%,-1.24%,1.15%,2.75%,1.42%,1.18%,0.67%,0.96%,0.29%,0.58%,0.60%,0.60%
0.76%,0.83%,0.58%,-0.60%,2.63%,-0.32%,0.26%,-0.45%,1.69%,-0.51%,0.26%,-0.13%,0.26%,0.67%,-0.17%,-0.12%,1.09%,1.54%,-1.02%,4.35%,-0.14%
7.67%,6.10%,5.50%,6.47%,8.49%,8.18%,11.89%,6.85%,5.80%,4.68%,6.67%,4.19%,4.91%,-0.51%,3.52%,4.85%,1.61%,-0.60%,3.34%,2.56%,5.83%
1.52%,2.14%,6.31%,2.50%,5.92%,15.61%,11.53%,6.58%,6.46%,3.85%,6.72%,2.72%,6.98%,-2.24%,1.36%,1.04%,2.50%,-0.69%,1.20%,0.41%,2.70%
-0.94%,-0.30%,2.94%,-1.81%,-2.51%,1.06%,-1.20%,1.38%,-1.88%,1.23%,9.91%,1.31%,0.74%,-3.71%,0.19%,11.62%,-3.62%,-0.04%,-0.60%,5.23%,1.55%
-0.68%,-0.85%,-0.68%,4.39%,0.14%,-0.93%,-2.85%,-2.16%,-2.15%,6.70%,6.69%,-0.47%,-0.54%,-1.63%,-0.70%,-0.67%,0.31%,-0.25%,7.55%,-2.40%,-1.83%
-3.95%,-5.08%,-4.82%,-6.56%,-5.51%,-7.55%,-6.99%,-6.96%,-2.17%,-5.81%,-7.38%,-3.05%,-0.43%,1.88%,4.26%,-1.98%,-2.11%,0.08%,2.11%,-6.48%,-4.73%
3.06%,4.73%,3.85%,4.82%,5.37%,15.58%,5.50%,5.83%,1.36%,6.69%,7.06%,1.28%,6.32%,1.13%,5.68%,8.36%,1.56%,0.82%,9.70%,5.23%,2.75%
-0.11%,-1.13%,-1.85%,-2.37%,-1.61%,-8.65%,13.15%,1.20%,-0.34%,0.99%,-5.21%,-1.05%,-0.90%,0.26%,-0.70%,-4.47%,0.37%,-0.16%,-2.59%,1.50%,-0.41%
2.07%,1.77%,3.21%,2.08%,1.77%,-0.24%,2.53%,6.49%,2.04%,2.86%,1.44%,1.06%,10.90%,0.81%,-0.82%,2.41%,2.74%,-0.36%,0.19%,1.56%,3.38%
-6.09%,-6.47%,-4.25%,-7.90%,-6.28%,-12.49%,-11.18%,-8.16%,-5.53%,-10.51%,-8.67%,-5.43%,-1.13%,0.52%,-5.86%,-5.06%,-7.68%,0.00%,-3.82%,-6.81%,-5.48%
-6.13%,-4.42%,-5.82%,-6.26%,-4.92%,-7.14%,2.87%,-6.74%,-7.05%,-9.00%,-5.19%,-8.12%,-12.62%,0.16%,-5.32%,-7.53%,-5.51%,-0.16%,-9.37%,-3.48%,-6.13%
1.56%,2.30%,0.61%,4.11%,1.69%,2.07%,-2.32%,0.87%,1.89%,0.51%,1.60%,2.69%,-0.92%,1.21%,1.02%,3.76%,2.88%,-2.54%,0.84%,1.27%,-0.67%
0.03%,1.03%,4.28%,-0.29%,7.03%,-0.85%,-3.95%,0.10%,2.23%,0.88%,-1.46%,-2.34%,-2.28%,-0.25%,0.49%,-0.99%,-1.74%,-0.12%,0.26%,-0.73%,2.59%
2.77%,0.64%,0.85%,1.11%,5.77%,4.21%,3.15%,2.88%,1.60%,4.98%,5.03%,4.16%,3.09%,2.88%,0.71%,5.04%,5.03%,-0.78%,3.83%,7.58%,2.57%
-1.03%,-2.19%,-2.56%,-1.82%,1.09%,-3.77%,-3.88%,-1.91%,-0.86%,-1.75%,-2.98%,-2.65%,2.92%,-0.22%,-1.00%,-3.68%,-1.36%,0.00%,-1.74%,-1.67%,-0.96%
-3.29%,-5.07%,-5.92%,-3.29%,-2.91%,-3.70%,-7.54%,-5.62%,-4.31%,-4.03%,-5.19%,-2.06%,-3.61%,-2.08%,-2.11%,-3.89%,0.95%,0.73%,-5.48%,-7.71%,-4.95%
4.00%,6.31%,3.15%,3.55%,12.24%,4.11%,5.25%,7.69%,3.87%,6.75%,5.08%,6.15%,1.95%,-0.18%,2.55%,3.53%,3.27%,-0.44%,5.43%,6.93%,3.45%
-0.96%,-0.84%,-1.60%,-1.74%,5.23%,-1.56%,-1.31%,2.77%,-0.30%,0.09%,-1.28%,-2.36%,-0.33%,0.95%,-1.04%,-0.59%,1.73%,-0.04%,-1.70%,1.72%,-0.93%
2.78%,6.09%,1.88%,2.13%,-0.32%,1.42%,7.36%,9.69%,4.01%,4.90%,2.50%,5.62%,3.54%,1.23%,0.20%,13.20%,0.17%,0.08%,2.57%,0.26%,2.89%
1.05%,-1.82%,-0.20%,3.94%,-3.19%,0.49%,-2.88%,-6.84%,-1.05%,0.95%,0.76%,-1.69%,-0.38%,-3.48%,0.36%,-3.95%,-0.16%,0.16%,1.80%,-0.15%,-1.30%
5.62%,3.09%,1.27%,2.28%,1.33%,1.96%,-0.30%,0.94%,1.35%,3.83%,-1.60%,0.23%,0.27%,-1.98%,1.59%,3.66%,-4.72%,0.08%,1.53%,-2.68%,0.45%
1.71%,1.93%,1.15%,0.27%,3.72%,4.70%,1.03%,1.13%,4.60%,3.38%,0.83%,0.58%,0.46%,-3.01%,0.70%,1.74%,3.81%,-0.38%,-0.60%,-2.38%,1.18%
1.73%,0.12%,4.14%,1.30%,-0.74%,1.35%,0.34%,0.68%,1.23%,0.36%,2.32%,1.06%,1.04%,1.06%,1.30%,1.36%,0.61%,0.58%,1.32%,5.00%,2.47%
3.69%,1.95%,4.90%,0.99%,-1.96%,2.05%,2.78%,1.37%,2.63%,1.21%,-1.63%,1.57%,1.04%,0.75%,0.06%,9.29%,4.24%,0.61%,2.31%,-1.40%,0.99%
-2.72%,-3.38%,-4.25%,-4.19%,0.51%,-4.76%,-2.37%,-4.75%,-2.10%,-3.91%,-1.96%,-0.44%,-3.51%,-2.67%,-2.13%,9.48%,-1.07%,0.26%,-3.92%,-1.62%,-4.95%
2.15%,1.65%,1.88%,0.72%,1.07%,1.07%,0.57%,0.92%,4.31%,0.80%,1.41%,2.26%,1.28%,-0.36%,0.22%,-1.11%,-1.45%,-0.19%,2.82%,1.07%,-0.18%
2.74%,0.85%,-1.54%,-0.78%,-0.82%,-0.40%,-1.78%,-2.88%,4.51%,-1.52%,-4.39%,-0.16%,-0.33%,-1.46%,0.57%,-1.40%,3.16%,0.38%,1.94%,-1.82%,-2.29%
6.50%,8.53%,3.11%,6.25%,2.49%,3.50%,1.88%,2.47%,4.02%,3.52%,1.95%,3.75%,2.58%,2.56%,1.77%,0.19%,1.76%,0.72%,2.88%,4.53%,2.11%
5.17%,4.83%,7.02%,9.21%,2.06%,5.44%,11.86%,5.29%,4.75%,24.54%,8.46%,4.83%,4.70%,-1.21%,1.55%,2.65%,3.25%,0.08%,4.38%,-0.01%,3.91%
1.48%,-0.51%,-1.38%,-0.92%,-3.57%,-3.02%,0.13%,2.37%,0.43%,-4.04%,-2.88%,-1.03%,1.47%,0.03%,0.58%,-2.58%,11.72%,-0.56%,2.41%,-2.31%,-1.33%
1.45%,0.88%,0.33%,0.19%,-1.01%,-0.31%,2.57%,1.11%,1.91%,6.58%,1.80%,0.83%,-0.18%,0.86%,1.63%,-0.53%,-5.38%,-1.06%,-1.79%,1.09%,0.22%
7.12%,2.40%,-0.49%,0.65%,0.67%,-0.33%,0.45%,-1.49%,-4.28%,8.90%,-1.73%,1.58%,-0.18%,0.13%,0.74%,-3.24%,-1.36%,0.31%,3.40%,0.91%,-2.57%
10.51%,5.90%,-0.21%,1.20%,-3.82%,-5.99%,-5.35%,0.48%,-7.47%,-1.77%,-0.92%,-2.14%,-2.25%,2.13%,-0.35%,7.45%,8.78%,-1.26%,-3.34%,-4.09%,-1.49%
-14.09%,-12.67%,-12.60%,-14.94%,-12.82%,-12.85%,-11.67%,-11.57%,-9.17%,-12.07%,-10.54%,-10.60%,-15.19%,-1.32%,-1.80%,-7.14%,-11.31%,2.03%,-13.65%,-8.19%,-12.39%
11.16%,5.81%,4.47%,5.60%,5.02%,5.82%,5.16%,3.25%,7.57%,7.03%,4.51%,8.97%,4.69%,-0.56%,4.74%,6.80%,9.05%,0.23%,7.11%,3.13%,4.20%
-3.56%,2.82%,0.35%,1.28%,11.24%,2.18%,4.11%,1.26%,-1.68%,1.74%,1.98%,-0.25%,3.06%,-0.78%,-2.13%,1.81%,3.69%,-0.70%,0.73%,-0.66%,2.20%
-9.34%,-9.04%,-7.64%,-9.61%,-8.58%,-9.73%,-9.51%,-9.27%,-12.26%,-9.54%,-7.94%,-7.93%,-6.59%,0.77%,-4.68%,-9.89%,-12.93%,0.35%,-7.63%,-6.25%,-9.37%
-1.98%,1.16%,2.77%,4.20%,0.39%,4.46%,2.26%,2.10%,0.76%,1.17%,3.39%,-1.42%,0.66%,0.03%,-0.37%,0.91%,-3.35%,-1.05%,-0.53%,-1.41%,0.86%
2.01%,-0.66%,-1.53%,-2.07%,-2.70%,-1.99%,-1.97%,-3.25%,-2.46%,5.90%,-1.16%,-1.13%,-0.72%,-0.66%,-1.02%,-1.29%,-0.84%,-0.36%,0.63%,-0.19%,-1.73%
10.57%,3.89%,2.09%,3.60%,2.71%,3.57%,3.34%,2.42%,4.36%,0.46%,1.61%,3.56%,2.15%,-0.10%,3.31%,4.46%,9.29%,2.25%,1.83%,-0.76%,3.25%
-6.33%,-6.11%,-4.80%,-5.00%,-2.06%,-5.66%,-4.83%,-6.30%,-2.42%,-5.00%,-4.39%,-1.69%,-1.07%,1.14%,-2.56%,-4.88%,-4.22%,1.10%,1.10%,-8.30%,-6.57%
-2.01%,1.27%,-2.51%,-0.28%,-1.24%,0.22%,1.41%,-1.64%,1.55%,-0.19%,-1.15%,-1.76%,1.18%,0.79%,19.87%,-1.18%,-2.77%,-0.27%,-2.61%,0.70%,0.20%
2.06%,-0.12%,2.62%,1.31%,-0.47%,-0.04%,0.63%,1.07%,5.38%,-1.20%,1.20%,0.75%,-0.39%,0.49%,-8.39%,3.39%,1.87%,-0.24%,-0.49%,2.07%,2.99%
2.08%,6.29%,1.94%,1.53%,1.94%,3.51%,9.00%,3.38%,14.04%,2.52%,2.06%,2.51%,1.50%,-0.10%,2.25%,3.13%,5.05%,0.59%,0.83%,1.44%,2.07%
7.33%,2.46%,1.08%,1.58%,2.50%,0.48%,-1.15%,0.68%,-5.14%,1.98%,2.04%,1.74%,0.59%,0.13%,-2.09%,-1.45%,2.47%,0.16%,5.36%,-1.03%,0.03%
2.36%,-1.42%,-1.86%,-0.65%,-3.10%,-1.40%,-0.38%,-3.06%,-2.14%,-1.68%,-2.33%,-2.19%,-1.45%,-2.03%,-0.20%,-3.90%,2.99%,0.69%,4.46%,-4.65%,-3.09%
-3.30%,-6.10%,-7.87%,-6.21%,-9.21%,-10.32%,-6.60%,-7.78%,-4.54%,-6.06%,-7.23%,-3.73%,-7.68%,1.14%,-3.58%,-3.64%,-2.50%,-0.15%,-0.68%,-5.61%,-6.66%
-6.43%,-7.33%,-9.11%,-11.38%,-5.46%,-11.32%,-12.97%,-9.36%,-6.12%,-9.97%,-6.68%,-5.22%,-9.07%,-0.03%,-5.09%,-9.37%,-7.72%,-0.04%,-0.66%,-7.37%,-8.48%
4.07%,2.82%,4.17%,2.28%,2.41%,2.61%,5.94%,7.02%,10.08%,5.37%,3.46%,0.36%,2.53%,-0.05%,3.05%,5.92%,3.94%,-0.60%,5.49%,5.31%,12.57%
-3.56%,-2.47%,-3.63%,-2.71%,-4.05%,-1.37%,-3.99%,-4.35%,-4.96%,-8.01%,-3.01%,-2.24%,-2.64%,1.32%,-2.81%,-3.94%,-1.96%,-0.08%,-6.86%,-3.76%,-2.54%
-9.88%,-15.49%,-7.89%,-18.01%,-11.21%,-13.43%,-10.82%,-11.03%,-8.03%,-14.82%,-11.30%,-11.63%,-14.56%,0.39%,-7.26%,-8.35%,-7.82%,-0.72%,-3.94%,-11.70%,-9.87%
6.21%,0.79%,2.85%,11.10%,1.19%,4.77%,0.40%,0.21%,3.93%,2.16%,1.42%,-0.82%,2.00%,-1.79%,2.38%,-1.58%,6.86%,0.15%,3.77%,2.27%,0.29%
-13.02%,-13.30%,-5.86%,-10.53%,-12.54%,-14.96%,-16.52%,-12.54%,-17.20%,-16.98%,-13.24%,-17.06%,-7.65%,-0.45%,-8.66%,-16.96%,-12.90%,-0.38%,-7.79%,-13.54%,-9.40%
2.35%,6.24%,4.67%,3.68%,13.10%,4.90%,8.18%,6.32%,3.58%,5.53%,6.63%,1.50%,6.87%,-0.05%,7.48%,10.71%,6.18%,0.11%,2.55%,10.24%,3.10%
9.98%,7.15%,4.00%,8.14%,12.70%,7.13%,12.84%,6.40%,9.91%,21.19%,6.93%,7.68%,6.16%,1.30%,2.97%,7.25%,4.63%,0.72%,1.96%,5.80%,10.20%
-1.16%,-2.35%,-0.73%,-2.15%,-2.65%,-1.88%,8.66%,1.73%,-2.15%,-0.41%,-0.81%,1.18%,-3.03%,-1.06%,-1.96%,-4.61%,-1.17%,0.45%,-5.32%,1.87%,5.54%
2.29%,3.48%,3.97%,5.13%,2.19%,6.63%,3.91%,5.27%,3.70%,3.38%,5.36%,4.06%,5.25%,0.10%,1.76%,3.41%,3.14%,0.63%,6.73%,13.59%,1.40%
-1.66%,-1.54%,-0.71%,-1.09%,-0.88%,0.14%,0.01%,-2.77%,-1.54%,-3.13%,-1.34%,1.52%,1.48%,1.12%,-1.35%,-3.38%,-0.45%,-0.44%,-4.42%,-2.36%,-4.01%
-2.40%,-3.61%,-2.80%,-3.24%,-4.16%,-4.55%,-8.69%,-2.85%,-0.94%,-6.82%,-4.79%,-3.66%,1.52%,0.75%,-2.57%,-3.22%,-2.67%,0.37%,-1.82%,3.13%,-2.56%
-4.31%,-2.22%,-3.83%,-3.91%,-5.01%,0.68%,-8.33%,-6.14%,-2.79%,-6.64%,-2.40%,-4.43%,-5.12%,1.38%,-4.00%,-3.30%,-3.02%,-0.44%,-13.86%,8.75%,-4.89%
-0.77%,2.11%,1.96%,1.58%,4.25%,10.71%,-1.31%,5.79%,-0.46%,4.84%,5.93%,0.35%,1.43%,-0.18%,1.22%,0.41%,-2.12%,0.22%,-1.56%,-1.57%,1.83%
1.05%,1.22%,-0.33%,0.02%,-0.97%,-0.46%,-3.49%,-0.69%,0.27%,1.21%,-2.12%,4.92%,-1.48%,-1.59%,0.38%,-1.51%,-1.20%,0.25%,-3.48%,-1.26%,-0.45%
-0.43%,0.00%,2.79%,4.38%,0.96%,1.18%,0.75%,7.17%,-0.51%,0.34%,-0.98%,-0.03%,3.36%,-1.83%,0.00%,2.04%,-1.18%,0.04%,-3.26%,-2.60%,2.66%
-3.99%,-5.56%,-4.01%,-3.09%,-5.75%,-7.76%,-5.60%,-4.79%,-1.77%,-5.54%,-4.64%,-4.24%,-4.72%,-0.19%,-3.42%,-3.67%,-3.96%,-0.54%,-6.22%,-5.49%,-4.12%
0.65%,1.82%,0.53%,1.29%,0.99%,-0.60%,1.64%,-0.67%,0.95%,-0.87%,-1.24%,-1.92%,-0.52%,-1.18%,1.31%,-0.50%,0.62%,-0.50%,0.62%,-4.96%,-0.79%
-0.30%,0.07%,-0.43%,-0.74%,0.73%,-0.76%,-1.23%,1.71%,-1.85%,0.04%,-0.03%,-2.19%,0.74%,1.02%,-0.66%,-1.78%,-0.99%,0.36%,-3.65%,0.45%,-0.09%
0.89%,-0.39%,2.37%,2.60%,0.11%,0.06%,0.55%,-0.78%,0.52%,-0.25%,0.56%,-0.45%,0.07%,0.55%,-0.49%,-1.00%,-1.49%,0.18%,-2.02%,-1.69%,0.06%
5.01%,3.88%,0.95%,3.40%,8.89%,4.80%,1.36%,0.35%,3.01%,4.16%,1.49%,3.55%,1.92%,0.27%,2.95%,2.10%,6.76%,0.07%,2.33%,1.89%,0.47%
3.20%,-0.34%,-0.88%,0.66%,0.62%,-2.21%,-1.01%,-2.14%,1.68%,1.19%,-0.55%,-1.36%,-1.28%,0.92%,1.97%,-0.38%,3.57%,0.18%,-3.60%,-2.39%,-1.14%
1.12%,-0.01%,-1.70%,-0.58%,-4.29%,-3.23%,-2.26%,-2.47%,2.46%,-1.87%,-0.36%,-2.11%,-1.64%,0.11%,-1.62%,-1.91%,1.88%,-0.07%,-1.57%,-0.51%,-1.29%
2.88%,2.11%,1.36%,1.87%,-0.46%,2.61%,0.78%,0.60%,5.08%,3.40%,-1.58%,1.73%,0.26%,0.89%,0.14%,-2.11%,-0.82%,0.46%,1.42%,-2.39%,0.51%
1.37%,0.04%,0.94%,0.18%,-1.47%,-1.38%,2.27%,-2.59%,-0.01%,-1.34%,0.62%,-0.21%,3.80%,1.44%,0.86%,1.18%,0.92%,-0.64%,-1.84%,-1.81%,-0.33%
7.71%,5.19%,1.20%,3.92%,4.03%,5.78%,3.03%,0.73%,6.20%,1.14%,2.44%,3.72%,1.16%,0.84%,5.07%,1.68%,9.41%,-0.68%,2.21%,-1.70%,0.63%
-2.82%,-3.51%,-3.92%,-3.81%,-3.94%,-6.57%,-6.11%,-5.80%,-4.14%,-6.15%,-4.76%,-4.38%,-5.55%,0.16%,-4.50%,-7.04%,-0.29%,-0.40%,-4.86%,-1.73%,-5.41%
4.06%,0.21%,0.15%,1.74%,-2.29%,0.85%,0.02%,-2.75%,8.63%,-0.11%,-0.68%,0.69%,0.91%,-0.42%,1.86%,-0.20%,-2.67%,-0.72%,-1.39%,0.06%,0.54%
0.10%,-2.46%,-1.32%,-1.74%,-0.97%,-1.73%,0.97%,0.12%,-2.36%,-3.98%,-0.54%,-2.12%,1.29%,-0.47%,-2.56%,0.01%,-8.76%,-0.25%,-4.58%,-1.38%,-2.26%
-0.76%,-4.72%,-3.32%,-5.11%,-6.27%,-6.00%,-9.60%,-8.22%,-1.92%,-4.37%,-7.49%,-1.73%,-3.01%,-0.40%,-0.85%,-5.91%,-1.84%,0.91%,-8.01%,-3.87%,-6.04%
-4.28%,-1.80%,0.50%,-0.22%,1.22%,4.14%,3.47%,9.11%,-2.62%,2.11%,2.91%,-3.98%,-2.52%,0.79%,-2.17%,-3.18%,0.48%,0.14%,1.46%,-13.53%,2.10%
1.53%,4.53%,1.12%,6.43%,5.03%,2.99%,1.25%,5.75%,1.55%,4.54%,2.96%,7.54%,2.76%,0.93%,1.86%,5.28%,2.31%,0.36%,3.28%,4.44%,5.55%
-1.26%,-2.21%,-0.61%,-1.76%,-4.41%,-1.46%,-0.17%,-3.39%,-1.19%,-3.54%,-3.79%,-1.83%,-0.47%,0.58%,-0.55%,-5.21%,-1.68%,-0.53%,-2.35%,-3.89%,-3.12%
-4.30%,-1.25%,-1.34%,4.07%,-1.56%,-1.56%,-1.71%,-0.70%,-6.22%,-1.91%,-1.00%,-2.93%,1.92%,1.15%,-2.01%,-2.77%,-3.86%,-1.36%,3.76%,0.63%,-1.63%
-7.69%,-10.54%,-11.25%,-9.32%,-9.90%,-9.79%,-12.89%,-10.57%,-8.22%,-10.45%,-9.80%,-5.84%,-5.30%,0.90%,-3.58%,-8.89%,-1.59%,-0.11%,-11.43%,-7.38%,-6.73%
2.72%,0.97%,0.45%,0.77%,0.34%,-0.99%,-0.63%,0.91%,5.02%,5.62%,5.05%,-0.45%,1.17%,0.10%,-2.94%,0.76%,-2.00%,-0.18%,-0.58%,2.10%,1.54%
0.53%,-1.70%,-1.17%,-1.38%,-1.83%,-1.18%,-3.64%,-1.46%,-0.02%,-0.83%,-0.74%,-1.03%,-2.11%,2.25%,1.51%,-3.69%,0.31%,-0.14%,-0.49%,0.62%,-1.93%
-1.23%,0.08%,1.46%,-1.06%,-2.81%,-0.83%,-0.19%,1.12%,-0.69%,-1.57%,0.06%,-1.58%,-1.30%,1.07%,-1.42%,2.32%,-0.50%,0.29%,-2.48%,25.40%,-1.52%
1.10%,4.66%,6.37%,3.00%,4.71%,3.93%,5.25%,6.97%,7.35%,2.21%,2.40%,2.54%,2.09%,-1.00%,2.87%,5.41%,1.77%,-0.57%,2.94%,-12.39%,4.21%
5.47%,4.39%,0.37%,2.80%,1.21%,0.83%,1.41%,-0.84%,2.37%,2.91%,1.78%,3.13%,-0.39%,0.45%,2.72%,2.95%,3.07%,0.09%,1.77%,3.77%,1.42%
-1.40%,-3.08%,-2.60%,-2.83%,-2.72%,-1.48%,-2.65%,-2.10%,-4.89%,-2.51%,-1.04%,-4.27%,8.17%,,-1.25%,-4.51%,-0.43%,,-3.41%,-5.57%,-2.27%
-5.82%,-4.95%,-3.45%,-4.20%,-3.03%,-4.92%,-5.18%,-4.29%,-6.06%,-4.90%,-3.68%,-3.98%,1.73%,,-3.22%,-4.06%,-5.95%,,-2.93%,-0.27%,-3.72%
-0.11%,2.35%,1.93%,2.72%,0.89%,4.00%,5.07%,4.79%,2.12%,4.26%,8.75%,1.54%,18.43%,,0.90%,1.82%,-0.23%,,1.49%,1.22%,-2.24%
2.68%,1.88%,2.21%,1.77%,2.48%,1.20%,3.33%,0.77%,-0.10%,0.88%,-0.47%,2.72%,-1.29%,,0.15%,0.51%,1.44%,,4.62%,1.37%,4.19%
-2.38%,-1.74%,-1.44%,-2.69%,-2.58%,-0.42%,-1.57%,0.75%,-1.69%,2.19%,-0.32%,-1.42%,-3.84%,,-1.92%,-1.61%,-1.97%,,-1.48%,-3.13%,-2.47%
-0.22%,-2.30%,-0.93%,-0.65%,-1.58%,-2.96%,-1.25%,-1.46%,-0.47%,-4.60%,2.06%,-1.00%,4.06%,,-0.04%,-0.32%,-0.42%,,-4.19%,-1.49%,6.58%
2.41%,1.17%,0.31%,1.90%,2.13%,0.74%,0.88%,0.49%,-0.90%,1.98%,1.54%,1.52%,2.95%,,1.02%,2.77%,1.56%,,-1.29%,1.75%,-1.90%
-1.81%,-0.76%,-0.47%,-1.00%,-1.49%,-0.88%,-0.61%,0.27%,-1.91%,-2.60%,-3.50%,-1.78%,-2.10%,,-2.24%,-2.32%,-2.96%,,-3.57%,-0.44%,-2.03%
-4.40%,-7.26%,-4.50%,-5.14%,-7.51%,-7.50%,-9.18%,-8.10%,-7.97%,-4.66%,-6.61%,-6.36%,-10.03%,,-3.74%,-7.91%,-4.23%,,-8.56%,-6.34%,-3.55%
-2.53%,-2.55%,-0.16%,-3.94%,-4.84%,-2.22%,-2.92%,-2.48%,-7.14%,-4.10%,3.07%,-5.52%,-8.14%,,-2.89%,-3.95%,-2.07%,,-2.28%,1.20%,-5.20%
0.88%,-0.39%,-0.29%,-0.32%,0.39%,0.01%,0.44%,0.24%,1.01%,-0.11%,0.86%,0.41%,6.12%,,1.26%,-0.96%,1.25%,,-1.39%,-2.75%,-1.20%
0.35%,2.12%,1.17%,0.10%,0.34%,3.46%,-0.31%,0.37%,-0.47%,0.72%,-2.12%,-0.45%,-0.27%,,1.17%,0.15%,-0.37%,,-3.46%,0.50%,1.01%
1.32%,-0.48%,-0.43%,0.83%,2.46%,-1.53%,0.35%,-0.91%,6.31%,-0.31%,-2.34%,-0.17%,-0.37%,,-0.80%,1.37%,4.85%,,1.52%,1.70%,-0.74%
6.04%,3.87%,1.07%,4.16%,1.26%,1.39%,2.02%,1.81%,2.00%,4.02%,3.56%,2.04%,6.56%,,4.17%,3.08%,3.74%,,1.71%,1.50%,1.22%
2.69%,0.64%,0.88%,2.33%,3.19%,1.04%,0.09%,3.07%,2.34%,1.58%,0.11%,1.61%,2.01%,,-0.12%,-2.29%,2.83%,,-1.48%,-1.28%,-0.07%
-0.25%,-1.95%,-1.25%,-1.89%,-2.73%,-1.35%,-2.31%,-2.71%,-1.31%,-2.30%,-1.15%,-2.08%,-0.60%,,3.62%,-1.69%,-2.93%,,-1.15%,-2.48%,-1.65%
-0.12%,-0.99%,-1.37%,-0.82%,-2.84%,-1.05%,-3.73%,-2.34%,2.73%,-0.86%,-1.90%,-0.82%,4.11%,,-5.91%,-0.10%,-0.62%,,-2.94%,-5.06%,-2.78%
-2.13%,-2.42%,-1.53%,-1.87%,-0.24%,-1.58%,-5.00%,-0.05%,-0.48%,-3.00%,-4.61%,-0.27%,-4.73%,,-0.79%,2.43%,-2.87%,,-1.09%,-2.13%,-3.01%
1.58%,4.89%,3.28%,4.66%,5.83%,10.63%,8.22%,3.99%,3.67%,4.48%,4.74%,4.83%,-0.36%,,0.00%,2.58%,1.58%,,2.68%,5.62%,1.38%
-0.73%,1.72%,0.88%,1.89%,2.22%,5.74%,2.62%,1.10%,-1.36%,1.86%,1.23%,4.11%,-0.24%,,-0.40%,2.79%,2.45%,,0.32%,-1.28%,2.17%
-1.04%,-0.12%,-1.40%,-0.77%,-0.61%,2.47%,-0.62%,0.48%,-2.92%,-1.93%,-2.23%,-0.76%,-0.89%,,-1.91%,-2.16%,-2.89%,,1.93%,-2.27%,-1.72%
-2.13%,-0.79%,-0.39%,-0.33%,0.99%,-2.57%,-0.76%,-0.84%,-3.91%,-2.84%,-0.32%,-3.77%,-1.20%,,-0.98%,-4.57%,-5.30%,,-3.55%,-3.36%,-2.42%
0.55%,-0.62%,-1.06%,-1.45%,-1.35%,-0.56%,-4.28%,-3.24%,2.86%,-0.66%,-0.10%,-1.25%,-2.91%,,-1.36%,-0.96%,-1.51%,,-2.51%,-4.64%,2.39%
2.29%,1.24%,-0.45%,0.27%,-1.05%,-0.97%,-0.62%,1.02%,0.99%,2.21%,-0.95%,3.01%,-2.01%,,1.13%,0.36%,3.48%,,0.30%,-0.11%,-2.31%
-0.53%,0.07%,0.30%,-0.73%,-0.35%,0.01%,4.38%,0.64%,2.33%,-0.75%,2.21%,9.37%,-0.87%,,0.04%,-0.24%,-0.80%,,-2.16%,-3.65%,2.45%
0.12%,3.74%,2.22%,2.10%,2.23%,7.57%,1.80%,1.67%,-1.03%,1.91%,2.46%,-1.89%,1.40%,,0.58%,3.24%,0.01%,,1.34%,5.83%,1.53%
-0.08%,0.91%,0.18%,-0.12%,-0.39%,1.43%,-1.35%,0.63%,-0.50%,-0.29%,0.74%,-2.60%,0.19%,,0.70%,1.24%,-1.51%,,0.14%,-1.49%,0.63%
-0.68%,3.91%,-0.24%,1.07%,3.20%,0.28%,0.63%,0.55%,-0.47%,-0.26%,-0.11%,3.98%,-0.66%,,-0.28%,3.74%,-3.50%,,-1.58%,-2.23%,0.77%
-0.39%,5.83%,9.26%,3.89%,2.25%,-0.03%,6.98%,4.03%,-1.40%,5.26%,5.45%,2.42%,1.54%,,6.28%,4.52%,1.42%,,1.27%,4.53%,8.71%
-0.48%,1.61%,10.42%,1.67%,5.04%,0.12%,7.31%,8.87%,10.19%,5.98%,13.17%,3.39%,1.34%,,4.30%,3.52%,3.19%,,5.71%,5.77%,30.59%
0.65%,4.75%,-3.60%,-0.29%,-1.10%,-2.63%,-1.98%,-1.49%,-7.02%,-4.13%,-0.03%,2.45%,-2.62%,,-0.33%,-2.28%,1.92%,,1.79%,-4.20%,-2.10%
-0.82%,-1.37%,-2.64%,-2.61%,-2.35%,0.74%,-1.41%,-0.29%,-2.74%,-2.13%,4.91%,-3.54%,-0.99%,,-1.40%,-4.67%,-1.41%,,0.18%,1.19%,-9.23%
-1.61%,-1.09%,-1.70%,-1.03%,-2.22%,0.05%,4.78%,-0.79%,-1.58%,-1.10%,-6.14%,-3.37%,-0.52%,,-3.04%,-2.01%,-2.92%,,-6.21%,-0.30%,-3.76%
0.46%,-1.83%,-3.64%,-1.26%,-1.22%,-4.40%,-7.17%,-5.36%,0.50%,-3.43%,-5.05%,-1.80%,-1.79%,,-0.12%,-3.28%,-0.91%,,-1.69%,-4.28%,-3.21%
-3.36%,-4.63%,-3.56%,-4.92%,-7.93%,-3.51%,-4.98%,-5.67%,-6.09%,-5.14%,-0.17%,-4.72%,-3.00%,,-3.90%,-4.34%,-7.10%,,-4.52%,-2.84%,-9.31%
-11.40%,-16.71%,-12.45%,-24.14%,-16.49%,-23.53%,-20.41%,-18.78%,-13.81%,-15.45%,-8.45%,-16.59%,-20.51%,,-10.49%,-18.26%,-13.74%,,-19.00%,-8.01%,-13.09%
-1.35%,1.64%,4.65%,3.22%,3.27%,3.19%,3.56%,4.75%,1.23%,2.49%,2.88%,0.50%,4.06%,,-1.44%,5.78%,-2.67%,,0.13%,4.50%,4.95%
-4.34%,-2.36%,-1.08%,-5.70%,-3.67%,-3.10%,-2.75%,-3.00%,-3.84%,-4.20%,2.11%,-5.37%,-2.66%,,-2.13%,-7.65%,-2.91%,,-2.64%,-6.46%,2.62%
1.71%,4.84%,0.13%,3.03%,1.43%,1.39%,7.02%,3.41%,0.87%,2.84%,-0.62%,3.96%,-0.13%,,3.06%,7.70%,4.21%,,0.65%,2.33%,2.37%
-0.06%,-0.06%,-0.60%,2.79%,-1.30%,-0.18%,-0.57%,-1.73%,-0.09%,-0.31%,0.18%,-0.13%,-0.33%,,0.54%,7.07%,2.52%,,0.37%,0.47%,-1.90%
-1.72%,-2.35%,-0.50%,-3.69%,-2.49%,-2.08%,-2.06%,-3.46%,-3.16%,-2.56%,-1.64%,-3.34%,-2.28%,,-0.67%,-6.31%,-1.92%,,-3.01%,-6.29%,-0.93%
2.34%,5.52%,6.03%,3.48%,3.21%,5.78%,8.40%,3.77%,1.16%,5.80%,1.50%,2.42%,2.87%,,7.18%,1.94%,-1.21%,,3.47%,5.31%,5.73%
0.52%,-1.59%,-2.59%,-1.53%,-0.06%,-0.02%,-3.24%,-0.97%,-1.81%,-0.83%,1.77%,-0.77%,-1.55%,,-0.21%,-1.17%,0.03%,,0.43%,-1.22%,-3.96%
0.59%,1.97%,1.57%,0.49%,0.89%,1.95%,2.83%,2.44%,0.39%,1.84%,3.96%,0.44%,1.28%,,-1.67%,-0.23%,-1.10%,,-0.40%,4.94%,1.20%
-1.56%,-3.05%,-2.21%,-1.41%,0.02%,-2.51%,-0.75%,-2.64%,0.38%,-3.88%,-3.33%,-1.26%,-1.59%,,-1.02%,-2.10%,-2.50%,,-1.75%,-1.25%,-1.50%
-0.65%,1.00%,2.42%,0.26%,0.58%,2.90%,2.49%,3.40%,2.47%,0.89%,-0.18%,0.10%,-0.13%,,1.59%,-0.02%,0.39%,,1.13%,1.70%,0.45%
-0.71%,-0.34%,-0.06%,0.02%,0.06%,-1.10%,2.75%,0.19%,-1.91%,-0.88%,1.75%,0.76%,0.06%,,-1.40%,-1.18%,1.89%,,3.26%,-2.26%,-0.01%
-1.98%,-1.87%,1.69%,0.09%,-2.51%,-1.14%,-2.14%,-0.98%,-1.77%,-1.76%,-2.16%,0.01%,-1.53%,,0.99%,-2.11%,-1.66%,,-1.93%,-0.34%,0.07%
3.21%,4.77%,7.03%,4.92%,4.42%,8.24%,10.74%,6.02%,1.99%,3.92%,5.04%,1.29%,3.34%,,2.05%,4.36%,2.24%,,5.16%,9.89%,3.92%
-0.22%,0.50%,0.95%,-0.80%,-0.68%,-0.54%,4.46%,-0.56%,-1.21%,0.45%,-2.42%,-0.02%,-0.95%,,-1.84%,-2.54%,-1.12%,,-1.74%,-2.05%,0.82%
4.45%,6.18%,1.16%,2.96%,3.50%,2.39%,-0.64%,2.86%,2.85%,3.17%,1.31%,3.91%,9.19%,,2.05%,4.03%,0.90%,,5.23%,-1.26%,2.38%
0.01%,-0.79%,-3.37%,-3.89%,-2.74%,-2.85%,-3.94%,-2.27%,-2.53%,-3.72%,-1.11%,-1.65%,-4.42%,,-2.51%,-1.59%,-2.54%,,-2.44%,-2.18%,-2.19%
-3.07%,-4.81%,-0.37%,-3.30%,-2.55%,-0.72%,-2.00%,-2.59%,-2.61%,-2.71%,-1.98%,-3.15%,-3.31%,,0.56%,-2.95%,-3.01%,,-8.32%,-4.36%,-1.93%
0.25%,-0.94%,0.77%,1.07%,-0.75%,-1.62%,-1.61%,0.00%,-1.20%,-0.18%,-0.68%,0.89%,0.98%,,0.52%,0.57%,-0.79%,,-0.36%,-1.56%,-1.91%
-0.19%,0.67%,1.70%,-0.41%,1.38%,1.19%,2.57%,1.94%,-0.55%,0.81%,3.38%,-0.31%,0.75%,,4.62%,1.06%,-0.32%,,3.85%,-2.54%,0.91%
0.65%,2.71%,6.81%,2.07%,0.45%,1.54%,3.68%,1.12%,-0.91%,1.66%,2.04%,0.63%,0.97%,,3.92%,0.34%,0.10%,,1.32%,-0.61%,7.87%
-2.01%,-2.98%,-2.61%,-2.50%,-3.62%,-5.60%,-5.88%,-4.86%,-1.60%,-1.40%,-1.45%,0.47%,-4.87%,,-1.41%,-0.48%,-2.54%,,2.74%,-2.72%,-1.01%
-1.92%,-2.94%,-1.47%,-2.09%,-3.75%,-1.46%,-2.89%,-2.56%,5.64%,-4.92%,-2.72%,-4.39%,-2.38%,,3.91%,-2.26%,-5.12%,,0.23%,-5.16%,-2.98%
0.70%,1.21%,6.24%,1.48%,3.76%,0.62%,1.05%,2.06%,1.78%,3.39%,1.79%,1.12%,1.34%,,5.80%,0.64%,-2.91%,,3.02%,5.61%,3.39%
-1.58%,-2.45%,-2.43%,-3.90%,-2.63%,-2.52%,-0.17%,-3.68%,0.81%,-2.14%,-2.19%,-1.62%,-1.74%,,-1.85%,-0.64%,-0.25%,,-8.60%,-1.39%,-1.27%
0.19%,-0.42%,-0.62%,0.64%,1.07%,-0.30%,0.69%,3.01%,-2.88%,0.28%,-1.08%,-0.66%,0.21%,,1.44%,0.15%,-1.27%,,-2.12%,-1.88%,-1.05%
2.80%,1.48%,0.39%,5.04%,1.61%,1.45%,0.17%,0.80%,3.19%,2.32%,0.63%,2.28%,1.58%,,-0.44%,1.01%,2.74%,,0.50%,2.43%,0.23%
0.23%,-0.34%,-0.44%,3.70%,0.04%,0.50%,0.29%,-0.67%,2.49%,1.46%,-0.19%,-0.42%,1.92%,,1.54%,1.37%,-0.75%,,0.76%,-2.92%,1.13%
-2.00%,-1.49%,-0.48%,-2.28%,-2.16%,-1.13%,-2.48%,-1.16%,-2.06%,-1.69%,0.24%,-2.06%,-2.73%,,-7.50%,-2.51%,-4.02%,,-1.42%,-2.15%,-1.93%
-6.95%,-5.72%,-5.97%,-7.73%,-7.68%,-6.37%,-5.77%,-6.21%,-6.59%,-5.12%,-6.35%,-6.54%,-4.86%,,-2.69%,-8.01%,-6.24%,,-7.32%,-7.97%,-4.69%
-0.22%,-0.21%,1.60%,1.78%,0.77%,0.82%,6.78%,3.50%,1.02%,1.76%,1.05%,0.22%,1.06%,,1.89%,1.30%,-0.37%,,1.80%,3.49%,0.92%
15.62%,11.92%,7.02%,20.99%,13.62%,15.68%,15.35%,9.47%,10.05%,10.82%,6.25%,11.05%,10.42%,,5.71%,11.09%,10.99%,,9.76%,6.96%,5.14%
6.66%,-1.01%,-1.46%,-2.71%,-0.30%,-1.38%,-5.96%,-1.63%,-3.78%,16.04%,-1.44%,0.50%,-3.66%,,-2.31%,-2.88%,1.74%,,-0.68%,2.12%,-1.86%
3.35%,2.40%,1.43%,3.44%,5.48%,6.41%,15.33%,4.44%,5.22%,26.97%,1.97%,1.42%,4.75%,,1.26%,3.61%,4.32%,,3.64%,3.38%,3.08%
-3.23%,-0.94%,-0.72%,1.63%,-2.99%,-1.18%,5.49%,0.11%,-0.40%,-6.58%,4.32%,0.71%,-0.70%,,-0.38%,1.37%,-0.42%,,0.21%,0.69%,0.35%
1.94%,4.20%,2.02%,8.88%,3.13%,3.44%,8.93%,2.64%,0.61%,-0.06%,-1.64%,1.86%,3.64%,,0.30%,3.40%,2.61%,,3.13%,-1.59%,2.19%
-2.30%,-2.97%,-1.77%,0.50%,-2.41%,-3.17%,-8.58%,-3.36%,-1.92%,4.37%,0.87%,-1.34%,-2.35%,,-1.51%,-1.32%,1.10%,,-1.75%,0.97%,-2.58%
-0.03%,-0.45%,-0.06%,-2.04%,0.72%,-0.60%,-1.00%,-0.78%,1.08%,-5.82%,-3.63%,-0.54%,0.44%,,-0.11%,-2.17%,-0.28%,,0.66%,0.19%,0.93%
0.73%,0.09%,-1.26%,-1.88%,-0.28%,2.42%,-1.14%,1.68%,2.72%,0.32%,0.44%,-0.09%,0.92%,,0.50%,-0.26%,13.22%,,-0.43%,1.23%,6.20%
0.70%,-0.05%,1.22%,4.12%,0.03%,-0.58%,1.45%,0.62%,2.28%,3.49%,-0.21%,0.52%,1.19%,,-0.15%,-0.18%,8.12%,,1.62%,-1.50%,2.96%
-0.96%,-0.85%,-1.69%,0.68%,0.06%,-1.51%,-1.34%,-1.53%,1.77%,0.52%,-1.46%,-1.44%,-0.87%,,0.38%,-1.61%,14.14%,,0.47%,-0.05%,-3.08%
1.92%,2.21%,2.99%,-0.33%,5.08%,4.87%,0.68%,3.22%,-0.33%,3.52%,1.78%,1.96%,1.49%,,-0.80%,1.99%,-4.63%,,1.24%,1.44%,10.45%
-0.75%,1.61%,0.45%,0.66%,2.80%,5.07%,0.11%,2.47%,-0.22%,-2.41%,0.78%,2.04%,1.20%,,0.42%,2.19%,-5.60%,,-1.38%,-0.64%,6.96%
0.21%,1.31%,2.98%,4.35%,1.46%,0.09%,1.72%,1.48%,2.03%,-0.67%,1.28%,0.30%,0.96%,,0.19%,0.66%,-5.18%,,3.45%,2.79%,-4.62%
-0.91%,-1.84%,-5.72%,-4.18%,-3.73%,-3.50%,-2.76%,-2.87%,-1.06%,0.87%,-2.80%,-2.04%,3.49%,,3.69%,-0.67%,10.00%,,3.63%,-3.35%,-4.25%
-4.97%,-1.98%,-5.30%,-5.39%,-2.18%,-2.15%,-4.13%,-3.09%,-4.14%,-4.63%,-2.68%,-4.47%,-5.06%,,-2.57%,-6.00%,-2.63%,,-4.61%,-2.78%,-4.16%
0.05%,0.39%,1.20%,1.74%,2.43%,2.02%,0.89%,0.35%,2.20%,0.24%,0.67%,0.17%,-0.65%,,2.22%,0.55%,-0.66%,,-0.08%,-1.05%,1.35%
2.76%,2.45%,-0.02%,3.80%,3.14%,2.80%,2.29%,3.58%,2.72%,3.24%,0.37%,2.44%,1.87%,,2.32%,2.37%,4.34%,,4.95%,2.49%,7.34%
-3.30%,-2.12%,-1.81%,-2.18%,-2.95%,-3.84%,-1.57%,-1.77%,-3.07%,1.07%,-3.45%,-1.66%,-3.04%,,-2.16%,-2.44%,2.94%,,-3.11%,-3.20%,2.01%
0.64%,0.69%,-1.00%,0.72%,-0.96%,0.98%,2.74%,1.18%,0.52%,8.79%,0.81%,0.02%,0.05%,,0.41%,0.40%,6.01%,,-1.15%,-0.48%,-3.43%
-0.04%,0.70%,0.24%,-0.88%,-0.42%,-0.02%,2.60%,-0.53%,4.94%,8.74%,-0.74%,-0.50%,-0.84%,,-0.92%,0.27%,-3.43%,,0.11%,-0.14%,-0.67%
-1.18%,-1.21%,-0.92%,-2.33%,-2.70%,-1.70%,-3.01%,-0.85%,0.33%,-3.64%,2.48%,-1.17%,-1.66%,,-0.52%,-0.78%,-0.03%,,-3.25%,2.68%,-2.31%
-2.45%,-2.98%,-3.26%,-5.48%,-2.81%,-2.17%,-4.49%,1.96%,-5.48%,-5.35%,-2.52%,-1.43%,-4.59%,,-0.93%,-1.12%,10.21%,,-4.10%,-3.19%,-3.32%
0.70%,1.58%,0.84%,1.03%,1.35%,1.88%,0.98%,0.44%,0.09%,3.54%,-0.24%,0.26%,2.20%,,0.45%,-0.21%,-3.69%,,1.08%,4.73%,-0.61%
0.33%,0.96%,0.47%,0.39%,1.65%,0.41%,0.51%,2.87%,0.23%,-2.34%,0.48%,-0.17%,-0.36%,,-0.79%,-0.05%,-0.42%,,0.12%,0.25%,0.40%
-3.09%,-2.42%,-3.58%,-6.81%,-4.65%,-5.61%,-7.89%,-3.53%,-4.44%,-5.64%,-2.29%,-4.36%,-4.52%,,-2.72%,-2.57%,-3.00%,,-4.48%,5.24%,-5.31%
-1.19%,-1.69%,0.33%,-2.30%,-2.08%,-2.28%,-1.90%,-2.64%,-0.72%,2.70%,-2.35%,0.79%,-0.31%,,-1.09%,-2.49%,-8.41%,,-1.91%,-8.67%,-3.72%
-2.15%,-0.97%,-2.02%,-0.04%,-0.62%,-1.81%,-2.47%,-3.31%,-1.19%,-2.14%,-2.14%,-2.80%,-1.25%,,0.31%,-1.11%,-3.25%,,-0.75%,-1.02%,-0.29%
-4.75%,-8.09%,-3.00%,-7.21%,-7.96%,-8.73%,-7.34%,-6.71%,-7.08%,-4.21%,-5.94%,-5.29%,-4.31%,,-5.05%,-7.69%,-7.22%,,-5.90%,-7.51%,-5.86%
-4.54%,-6.96%,-4.99%,-7.84%,-6.42%,-6.84%,-6.09%,-3.38%,-5.32%,-12.35%,-7.83%,-8.27%,-6.91%,,-2.64%,-6.92%,-4.66%,,-4.61%,-1.02%,-3.62%
1.39%,2.13%,1.99%,3.94%,2.28%,3.41%,4.83%,3.19%,1.63%,4.47%,3.85%,-0.28%,3.92%,,5.96%,2.55%,7.64%,,-1.24%,4.02%,1.61%
-4.74%,-6.91%,-5.52%,-5.59%,-8.17%,-10.08%,-8.31%,-7.25%,-7.44%,-9.76%,-6.62%,-6.19%,-7.08%,,-5.74%,-7.60%,-8.82%,,-3.00%,-8.43%,-6.14%
1.51%,2.65%,-1.89%,1.95%,2.37%,3.38%,2.65%,1.42%,4.08%,-0.33%,3.06%,-3.32%,0.69%,,-3.50%,-1.27%,0.82%,,-2.43%,0.76%,1.42%
1.02%,1.75%,1.68%,1.99%,3.19%,3.92%,7.87%,2.63%,2.98%,2.35%,1.56%,1.06%,2.71%,,0.17%,4.32%,2.87%,,1.20%,0.83%,1.76%
4.30%,3.11%,1.46%,3.79%,1.79%,2.18%,4.92%,5.67%,8.77%,1.97%,0.55%,0.38%,1.82%,,2.10%,0.62%,1.98%,,4.75%,4.48%,1.14%
-0.98%,-0.88%,-0.29%,-0.63%,-1.97%,-2.02%,-1.69%,0.16%,-3.47%,-1.80%,1.94%,3.13%,-0.19%,,-1.03%,0.39%,-0.80%,,0.97%,-1.55%,-1.66%
3.94%,2.33%,2.49%,2.70%,3.80%,6.08%,1.92%,5.60%,3.54%,4.67%,1.09%,8.87%,3.52%,,6.09%,2.64%,8.47%,,2.78%,3.75%,1.61%
-2.50%,-1.77%,-1.63%,-2.70%,-2.94%,-1.48%,-4.20%,-2.39%,-2.13%,-4.05%,-4.57%,-3.36%,-3.35%,,-5.54%,-1.45%,-0.25%,,-4.85%,-1.53%,0.56%
-1.95%,-0.86%,-0.50%,-1.29%,0.52%,0.77%,2.84%,-2.08%,-2.18%,-0.91%,-1.78%,-3.53%,-0.28%,,-1.21%,-3.50%,-1.60%,,-0.63%,-1.66%,-2.79%
-1.37%,-1.40%,-2.58%,-0.33%,-3.85%,-3.36%,-4.37%,-3.93%,0.81%,-3.34%,0.24%,-2.75%,-1.87%,,-2.53%,-0.87%,0.06%,,-2.75%,-2.15%,-3.48%
-0.05%,-0.74%,0.16%,-1.23%,-0.86%,0.68%,-0.09%,-0.34%,-1.11%,0.23%,-1.26%,-0.43%,-0.45%,,-0.76%,-1.22%,-4.71%,,-3.12%,-0.43%,-0.11%
-0.93%,-0.79%,-1.58%,-1.59%,-0.46%,-2.02%,-5.37%,-1.32%,-0.76%,-3.03%,-2.91%,-1.48%,-1.66%,,-0.41%,-1.70%,2.99%,,-2.85%,-0.73%,-0.89%
2.69%,1.75%,3.09%,1.95%,0.35%,2.01%,1.23%,1.25%,1.91%,1.31%,3.67%,-0.52%,0.89%,,0.63%,13.09%,5.02%,,2.95%,6.45%,0.31%
1.29%,-0.14%,1.14%,-0.07%,0.84%,1.10%,0.64%,1.16%,0.45%,-0.55%,-0.10%,4.12%,2.07%,,0.23%,-3.96%,2.88%,,1.61%,-2.57%,-1.05%
0.12%,-0.29%,1.31%,-0.53%,-0.07%,0.15%,-0.78%,1.16%,0.89%,2.50%,0.20%,0.41%,-0.12%,,0.00%,1.76%,2.17%,,-0.91%,-0.19%,0.04%
0.17%,1.69%,0.87%,0.67%,0.59%,0.73%,1.05%,0.50%,-0.96%,1.14%,0.83%,-1.15%,0.86%,,0.36%,-0.89%,-1.25%,,-0.80%,0.95%,1.98%
-2.13%,-1.98%,-2.16%,-1.96%,-2.09%,-3.09%,-1.77%,-3.72%,0.12%,-3.32%,-2.02%,-1.34%,-2.66%,,-1.30%,5.78%,-4.51%,,-2.37%,-1.89%,-2.93%
-1.58%,-1.77%,-1.70%,-1.24%,-1.22%,-2.48%,-1.91%,-2.01%,-3.20%,-2.24%,-2.07%,-2.01%,-0.38%,,-0.09%,-3.68%,-1.24%,,-2.24%,-5.76%,-1.97%
